,Name,Founded year,Total Funding Amount,Funding Rounds,Funding currency code,Total Employees,First Office,City,Location
0,Open Places,2008,1100000,4,['USD'],3,"{'description': 'San Francisco Office', 'address1': '616 Arkansas St', 'address2': '', 'zip_code': '94107', 'city': 'San Francisco', 'state_code': 'CA', 'country_code': 'USA', 'latitude': 37.758352, 'longitude': -122.398379}",San Francisco,"{'type': 'Point', 'coordinates': [-122.398379, 37.758352]}"
1,AdRocket,2008,1000000,1,['USD'],5,"{'description': 'AdRocket Headquarters', 'address1': '', 'address2': '', 'zip_code': '', 'city': 'San Francisco', 'state_code': 'CA', 'country_code': 'USA', 'latitude': 37.775196, 'longitude': -122.419204}",San Francisco,"{'type': 'Point', 'coordinates': [-122.419204, 37.775196]}"
2,EQAL,2008,6875000,2,['USD'],75,"{'description': '', 'address1': '5250 Lankershim Blvd., Ste 720', 'address2': '', 'zip_code': '91601', 'city': 'North Hollywood', 'state_code': 'CA', 'country_code': 'USA', 'latitude': None, 'longitude': None}",North Hollywood,"{'type': 'Point', 'coordinates': [None, None]}"
3,Mashape,2010,1601000,2,['USD'],15,"{'description': 'Mashape Lair', 'address1': '433 Bryant St.', 'address2': '', 'zip_code': '94107', 'city': 'San Francisco', 'state_code': 'CA', 'country_code': 'USA', 'latitude': None, 'longitude': None}",San Francisco,"{'type': 'Point', 'coordinates': [None, None]}"
4,Home-Account,2008,1000000,2,['USD'],10,"{'description': '', 'address1': '188 King Street', 'address2': '', 'zip_code': '94107', 'city': 'San Francisco', 'state_code': 'CA', 'country_code': 'USA', 'latitude': 37.778551, 'longitude': -122.391686}",San Francisco,"{'type': 'Point', 'coordinates': [-122.391686, 37.778551]}"
5,SCVNGR,2008,40785000,6,['USD'],60,"{'description': 'SCVNGR', 'address1': 'One Congress', 'address2': 'Suite 111', 'zip_code': '021114', 'city': 'Boston', 'state_code': 'MA', 'country_code': 'USA', 'latitude': 42.3406534, 'longitude': -71.0680027}",Boston,"{'type': 'Point', 'coordinates': [-71.0680027, 42.3406534]}"
6,Samasource,2008,1207200,9,['USD'],25,"{'description': 'Headquarters', 'address1': '2017 Mission Street', 'address2': 'Suite 301', 'zip_code': '94110', 'city': 'San Francisco', 'state_code': 'CA', 'country_code': 'USA', 'latitude': 37.778991, 'longitude': -122.401803}",San Francisco,"{'type': 'Point', 'coordinates': [-122.401803, 37.778991]}"
7,Audiolife,2008,4500000,2,['USD'],11,"{'description': 'Company Headquarters', 'address1': '15912 Arminta St.', 'address2': '', 'zip_code': '91406', 'city': 'Van Nuys', 'state_code': 'CA', 'country_code': 'USA', 'latitude': 34.213925, 'longitude': -118.487236}",Van Nuys,"{'type': 'Point', 'coordinates': [-118.487236, 34.213925]}"
8,ClickFuel,2009,9000000,3,['USD'],20,"{'description': 'ClickFuel', 'address1': '7 New England Executive Park', 'address2': 'Suite 130', 'zip_code': '01803', 'city': 'Burlington', 'state_code': 'MA', 'country_code': 'USA', 'latitude': 42.3406534, 'longitude': -71.0680027}",Burlington,"{'type': 'Point', 'coordinates': [-71.0680027, 42.3406534]}"
9,Solix Biofuels,2009,68800000,7,['USD'],50,"{'description': 'Solix Biofuels', 'address1': '430 B. North College Ave.', 'address2': '', 'zip_code': '80524', 'city': 'Fort Collins', 'state_code': 'CO', 'country_code': 'USA', 'latitude': 40.5932386, 'longitude': -105.0766501}",Fort Collins,"{'type': 'Point', 'coordinates': [-105.0766501, 40.5932386]}"
10,RJMetrics,2008,7450000,2,['USD'],20,"{'description': '', 'address1': '1315 Walnut Street Suite 1532', 'address2': '', 'zip_code': '19107', 'city': 'Philadelphia', 'state_code': 'PA', 'country_code': 'USA', 'latitude': 39.9443552, 'longitude': -75.1257381}",Philadelphia,"{'type': 'Point', 'coordinates': [-75.1257381, 39.9443552]}"
11,Pixelpipe,2008,2300000,2,"[None, 'USD']",10,"{'description': 'World Headquarters', 'address1': '321 7th St', 'address2': '', 'zip_code': '94103', 'city': 'San Francisco', 'state_code': 'CA', 'country_code': 'USA', 'latitude': 37.764395, 'longitude': -122.401024}",San Francisco,"{'type': 'Point', 'coordinates': [-122.401024, 37.764395]}"
12,Optify,2008,10849999,3,['USD'],45,"{'description': 'Optify HQ', 'address1': '710 2nd Avenue', 'address2': 'Suite 840', 'zip_code': '98104', 'city': 'Seattle', 'state_code': 'WA', 'country_code': 'USA', 'latitude': 47.603364, 'longitude': -122.333359}",Seattle,"{'type': 'Point', 'coordinates': [-122.333359, 47.603364]}"
13,Cotendo,2008,36000000,4,"[None, 'USD']",30,"{'description': 'EMEA', 'address1': '4 Hagavish St., Entry A, Second Floor', 'address2': 'P.O.Box 8897', 'zip_code': '42507', 'city': 'Netanya', 'state_code': None, 'country_code': 'ISR', 'latitude': None, 'longitude': None}",Netanya,"{'type': 'Point', 'coordinates': [None, None]}"
14,Vizerra,2008,16000000,3,['USD'],65,"{'description': 'Head Office', 'address1': '505 Montgomery Street Suite 1100', 'address2': '', 'zip_code': 'CA 94111', 'city': 'San-Francisco', 'state_code': 'CA', 'country_code': 'USA', 'latitude': None, 'longitude': None}",San-Francisco,"{'type': 'Point', 'coordinates': [None, None]}"
15,Demdex,2008,7500000,2,['USD'],11,"{'description': '', 'address1': '460 W 34th St.', 'address2': '14th Floor', 'zip_code': '10001', 'city': 'New York', 'state_code': 'NY', 'country_code': 'USA', 'latitude': None, 'longitude': None}",New York,"{'type': 'Point', 'coordinates': [None, None]}"
16,OffiSync,2008,1000000,1,['USD'],11,"{'description': 'HQ', 'address1': '', 'address2': '', 'zip_code': '98122', 'city': 'Seattle', 'state_code': 'WA', 'country_code': 'USA', 'latitude': None, 'longitude': None}",Seattle,"{'type': 'Point', 'coordinates': [None, None]}"
17,SpiceCSM,2008,1000000,1,['USD'],6,"{'description': 'Corporate', 'address1': '51 Main St', 'address2': 'Suite 100', 'zip_code': '13676', 'city': 'Potsdam', 'state_code': 'NY', 'country_code': 'USA', 'latitude': 44.6686534, 'longitude': -74.9822149}",Potsdam,"{'type': 'Point', 'coordinates': [-74.9822149, 44.6686534]}"
18,ividence,2008,9700000,3,['USD'],30,"{'description': 'Paris HQ', 'address1': '15, rue Marsollier', 'address2': 'Suite 4607', 'zip_code': '75002', 'city': 'Paris', 'state_code': None, 'country_code': 'FRA', 'latitude': 48.8682244, 'longitude': 2.3347594}",Paris,"{'type': 'Point', 'coordinates': [2.3347594, 48.8682244]}"
19,Inadco,2008,17000000,3,['USD'],30,"{'description': '', 'address1': '445 Sherman Avenue', 'address2': '', 'zip_code': '94306', 'city': 'Palo Alto', 'state_code': 'CA', 'country_code': 'USA', 'latitude': 41.889832, 'longitude': -87.626718}",Palo Alto,"{'type': 'Point', 'coordinates': [-87.626718, 41.889832]}"
20,iCharts,2008,3100000,1,['USD'],16,"{'description': 'Main Office', 'address1': '440 North Wolfe Road', 'address2': '', 'zip_code': '94085', 'city': 'Sunnyvale', 'state_code': 'CA', 'country_code': 'USA', 'latitude': 37.384239, 'longitude': -122.012475}",Sunnyvale,"{'type': 'Point', 'coordinates': [-122.012475, 37.384239]}"
21,99designs,2008,35000000,1,['USD'],100,"{'description': 'United States (HQ)', 'address1': '447 Battery St.', 'address2': '3rd Floor', 'zip_code': '94111', 'city': 'San Francisco', 'state_code': 'CA', 'country_code': 'USA', 'latitude': 37.7955307, 'longitude': -122.4005983}",San Francisco,"{'type': 'Point', 'coordinates': [-122.4005983, 37.7955307]}"
22,First30Days,2008,5000000,2,['USD'],17,"{'description': None, 'address1': '1760 Frankfort Avenue', 'address2': '', 'zip_code': '40206', 'city': 'Louisville', 'state_code': 'KY', 'country_code': 'USA', 'latitude': 38.257035, 'longitude': -85.717393}",Louisville,"{'type': 'Point', 'coordinates': [-85.717393, 38.257035]}"
23,Coveroo,2008,3800000,2,['USD'],28,"{'description': 'Headquarters', 'address1': '1000 Brannan Street', 'address2': 'Suite 100', 'zip_code': '94103', 'city': 'San Francisco', 'state_code': 'CA', 'country_code': 'USA', 'latitude': 37.770067, 'longitude': -122.407603}",San Francisco,"{'type': 'Point', 'coordinates': [-122.407603, 37.770067]}"
24,Quick Hit,2008,18950000,5,['USD'],25,"{'description': '', 'address1': '16 Chestnut Street', 'address2': '', 'zip_code': '02035', 'city': 'Foxboro', 'state_code': 'MA', 'country_code': 'USA', 'latitude': None, 'longitude': None}",Foxboro,"{'type': 'Point', 'coordinates': [None, None]}"
25,Life360,2008,26100000,7,['USD'],40,"{'description': '', 'address1': '539 Bryant St.', 'address2': 'Suite 402', 'zip_code': '94107', 'city': 'San Francisco', 'state_code': 'CA', 'country_code': 'USA', 'latitude': None, 'longitude': None}",San Francisco,"{'type': 'Point', 'coordinates': [None, None]}"
26,Lumenergi,2008,26400000,3,['USD'],25,"{'description': '', 'address1': '8371 Central Avenue', 'address2': '', 'zip_code': '94560', 'city': 'Newark', 'state_code': 'CA', 'country_code': 'USA', 'latitude': 37.51821, 'longitude': -122.044025}",Newark,"{'type': 'Point', 'coordinates': [-122.044025, 37.51821]}"
27,Republic Project,2008,1000000,1,['USD'],11,"{'description': '', 'address1': '216 Main Street', 'address2': '', 'zip_code': '90291', 'city': 'Santa Monica', 'state_code': 'CA', 'country_code': 'USA', 'latitude': 33.6156634, 'longitude': -111.8931647}",Santa Monica,"{'type': 'Point', 'coordinates': [-111.8931647, 33.6156634]}"
28,HyTrust,2008,34500000,3,['USD'],55,"{'description': 'HQ', 'address1': '1975 W. El Camino Real, Suite 203', 'address2': '', 'zip_code': '94040', 'city': 'Mountain View', 'state_code': 'CA', 'country_code': 'USA', 'latitude': 37.393836, 'longitude': -122.099454}",Mountain View,"{'type': 'Point', 'coordinates': [-122.099454, 37.393836]}"
29,Producteev,2008,1310000,3,['USD'],10,"{'description': 'Headquarters', 'address1': '242W 30th Street', 'address2': 'Suite 501', 'zip_code': '10001', 'city': 'New York', 'state_code': 'NY', 'country_code': 'USA', 'latitude': 40.775309, 'longitude': -73.983656}",New York,"{'type': 'Point', 'coordinates': [-73.983656, 40.775309]}"
30,Stitcher,2008,18700000,3,['USD'],17,"{'description': 'HQ', 'address1': '121 2nd Street, 6th floor', 'address2': '', 'zip_code': '94105', 'city': 'San Francisco', 'state_code': 'CA', 'country_code': 'USA', 'latitude': 37.775196, 'longitude': -122.419204}",San Francisco,"{'type': 'Point', 'coordinates': [-122.419204, 37.775196]}"
31,Unigo,2008,2000000,2,['USD'],9,"{'description': 'Unigo', 'address1': '21 West 46th Street', 'address2': '6th Floor', 'zip_code': '10036', 'city': 'New York', 'state_code': 'NY', 'country_code': 'USA', 'latitude': 40.7568493, 'longitude': -73.9793465}",New York,"{'type': 'Point', 'coordinates': [-73.9793465, 40.7568493]}"
32,Luma International,2009,3000000,1,['EUR'],40,"{'description': 'Headquarters', 'address1': 'Lange Kievitstraat 118-120', 'address2': '', 'zip_code': '2018', 'city': 'Antwerp', 'state_code': None, 'country_code': 'BEL', 'latitude': None, 'longitude': None}",Antwerp,"{'type': 'Point', 'coordinates': [None, None]}"
33,TopSchool,2008,20700000,4,['USD'],70,"{'description': 'HQ', 'address1': '4643 S Ulster Street', 'address2': 'Suite 920', 'zip_code': '80237', 'city': 'Denver', 'state_code': 'CO', 'country_code': 'USA', 'latitude': None, 'longitude': None}",Denver,"{'type': 'Point', 'coordinates': [None, None]}"
34,Crunchyroll,2008,4800000,2,['USD'],50,"{'description': '', 'address1': '', 'address2': '', 'zip_code': '94105', 'city': 'San Francisco', 'state_code': 'CA', 'country_code': 'USA', 'latitude': 37.781265, 'longitude': -122.393229}",San Francisco,"{'type': 'Point', 'coordinates': [-122.393229, 37.781265]}"
35,StyleCaster,2008,5000000,2,['USD'],60,"{'description': '', 'address1': '49 W 27th St Uppr A', 'address2': '', 'zip_code': '10001-6936', 'city': 'New York City', 'state_code': 'NY', 'country_code': 'USA', 'latitude': 40.7450497, 'longitude': -73.9900984}",New York City,"{'type': 'Point', 'coordinates': [-73.9900984, 40.7450497]}"
36,Weplay,2008,12970000,3,['USD'],10,"{'description': 'New York Office', 'address1': '156a Reade St', 'address2': '', 'zip_code': '10013', 'city': 'New York', 'state_code': 'NY', 'country_code': 'USA', 'latitude': None, 'longitude': None}",New York,"{'type': 'Point', 'coordinates': [None, None]}"
37,Fixya,2013,8000000,2,['USD'],30,"{'description': '', 'address1': 'One Franklin Parkway', 'address2': 'Building 910, Suite 110', 'zip_code': '94401', 'city': 'San Mateo', 'state_code': 'CA', 'country_code': 'USA', 'latitude': 37.566879, 'longitude': -122.323895}",San Mateo,"{'type': 'Point', 'coordinates': [-122.323895, 37.566879]}"
38,UserVoice,2008,1800000,2,['USD'],22,"{'description': 'Headquarters', 'address1': '121 Second Street', 'address2': 'Floor 4', 'zip_code': '94105', 'city': 'San Francisco', 'state_code': 'CA', 'country_code': 'USA', 'latitude': 36.9751032, 'longitude': -122.0253784}",San Francisco,"{'type': 'Point', 'coordinates': [-122.0253784, 36.9751032]}"
39,GENWI,2010,7100000,3,['USD'],25,"{'description': '', 'address1': '4966 El Camino Real', 'address2': 'Suite 200', 'zip_code': '94022', 'city': 'Los Altos', 'state_code': 'CA', 'country_code': 'USA', 'latitude': 33.8171, 'longitude': -111.9035}",Los Altos,"{'type': 'Point', 'coordinates': [-111.9035, 33.8171]}"
40,GetYourGuide,2009,16000000,2,['USD'],75,"{'description': 'Headquarters', 'address1': 'GetYourGuide AG', 'address2': 'Technoparkstr. 1', 'zip_code': '8005', 'city': 'Zurich', 'state_code': None, 'country_code': 'CHE', 'latitude': 47.3912899, 'longitude': 8.5082891}",Zurich,"{'type': 'Point', 'coordinates': [8.5082891, 47.3912899]}"
41,Socialize,2008,1820000,3,"['USD', None]",10,"{'description': 'Headquarters', 'address1': '153 Townsend St', 'address2': 'Suite 9057', 'zip_code': '94107', 'city': 'San Francisco', 'state_code': 'CA', 'country_code': 'USA', 'latitude': 38.88521, 'longitude': -76.998641}",San Francisco,"{'type': 'Point', 'coordinates': [-76.998641, 38.88521]}"
42,Canvas,2008,9295000,6,['USD'],32,"{'description': 'Headquarters', 'address1': '1801 Reston Parkway - Suite 300', 'address2': '', 'zip_code': '20190', 'city': 'Reston', 'state_code': 'VA', 'country_code': 'USA', 'latitude': None, 'longitude': None}",Reston,"{'type': 'Point', 'coordinates': [None, None]}"
43,CrowdGather,2008,17953330,9,['USD'],9,"{'description': 'HQ', 'address1': '20300 Ventura Blvd. Suite 330', 'address2': '', 'zip_code': '91364', 'city': 'Woodland Hills', 'state_code': 'CA', 'country_code': 'USA', 'latitude': 34.168955, 'longitude': -118.575293}",Woodland Hills,"{'type': 'Point', 'coordinates': [-118.575293, 34.168955]}"
44,Sprout,2008,8300000,2,['USD'],18,"{'description': 'Hawaii Office', 'address1': '2800 Woodlawn Drive, Suite 138', 'address2': '', 'zip_code': '96822', 'city': 'Honolulu', 'state_code': 'HI', 'country_code': 'USA', 'latitude': 21.30829, 'longitude': -157.8086025}",Honolulu,"{'type': 'Point', 'coordinates': [-157.8086025, 21.30829]}"
45,Gnip,2008,6640000,4,['USD'],34,"{'description': '', 'address1': '1050 Walnut', 'address2': 'Suite 115', 'zip_code': '80302', 'city': 'Boulder', 'state_code': 'CO', 'country_code': 'USA', 'latitude': 40.019299, 'longitude': -105.274628}",Boulder,"{'type': 'Point', 'coordinates': [-105.274628, 40.019299]}"
46,InnerRewards,2008,1000000,1,['USD'],9,"{'description': 'West Coast', 'address1': '731 Market Street', 'address2': 'Floor 6', 'zip_code': '94103', 'city': 'San Francisco', 'state_code': 'CA', 'country_code': 'USA', 'latitude': 37.78691, 'longitude': -122.404403}",San Francisco,"{'type': 'Point', 'coordinates': [-122.404403, 37.78691]}"
47,Smule,2008,25500000,4,['USD'],55,"{'description': 'Smule HQ', 'address1': '139 Townsend Street', 'address2': 'Suite 200', 'zip_code': '94107', 'city': 'San Francisco', 'state_code': 'CA', 'country_code': 'USA', 'latitude': 37.779624, 'longitude': -122.391236}",San Francisco,"{'type': 'Point', 'coordinates': [-122.391236, 37.779624]}"
48,CloudMade,2008,12000000,3,['EUR'],45,"{'description': 'London Office', 'address1': 'Suite 1.06, Enterprise House', 'address2': '1/2 Hatfields', 'zip_code': 'SE1 9PG', 'city': 'London', 'state_code': None, 'country_code': 'GBR', 'latitude': None, 'longitude': None}",London,"{'type': 'Point', 'coordinates': [None, None]}"
49,InnerRewards,2008,1000000,1,['USD'],9,"{'description': 'West Coast', 'address1': '731 Market Street', 'address2': 'Floor 6', 'zip_code': '94103', 'city': 'San Francisco', 'state_code': 'CA', 'country_code': 'USA', 'latitude': 37.78691, 'longitude': -122.404403}",San Francisco,"{'type': 'Point', 'coordinates': [-122.404403, 37.78691]}"
50,DataMarket,2008,1200000,1,['USD'],15,"{'description': 'Development', 'address1': 'Klapparstigur 16', 'address2': '', 'zip_code': 'IS101', 'city': 'Reykjavik', 'state_code': None, 'country_code': 'ISL', 'latitude': None, 'longitude': None}",Reykjavik,"{'type': 'Point', 'coordinates': [None, None]}"
51,FeedHenry,2010,9000000,1,['USD'],30,"{'description': 'R&D Offices', 'address1': 'ArcLabs Research & Innovation Building', 'address2': 'WIT West Campus, Carriganore', 'zip_code': 'Waterford', 'city': 'Waterford', 'state_code': None, 'country_code': 'IRL', 'latitude': None, 'longitude': None}",Waterford,"{'type': 'Point', 'coordinates': [None, None]}"
52,CubeTree,2008,11500000,3,['USD'],12,"{'description': '', 'address1': '401 Warren Street', 'address2': 'Suite 301', 'zip_code': '94063', 'city': 'Redwood City', 'state_code': 'CA', 'country_code': 'USA', 'latitude': 37.487259, 'longitude': -122.232217}",Redwood City,"{'type': 'Point', 'coordinates': [-122.232217, 37.487259]}"
53,JAZD Markets,2008,8000000,1,['USD'],20,"{'description': 'Corporate Headquarters', 'address1': '3 Dundee Park, Suite 102', 'address2': '', 'zip_code': '01810', 'city': 'Andover', 'state_code': 'MA', 'country_code': 'USA', 'latitude': 42.6555302, 'longitude': -71.1455618}",Andover,"{'type': 'Point', 'coordinates': [-71.1455618, 42.6555302]}"
54,Mendeley,2008,2125000,2,['USD'],27,"{'description': '', 'address1': '144a Clerkenwell Road', 'address2': '', 'zip_code': 'EC1R 5DF', 'city': 'London', 'state_code': None, 'country_code': 'GBR', 'latitude': 51.5224267, 'longitude': -0.1046546}",London,"{'type': 'Point', 'coordinates': [-0.1046546, 51.5224267]}"
55,Occipital,2008,8015000,3,['USD'],9,"{'description': 'Boulder Office', 'address1': '', 'address2': '', 'zip_code': '80302', 'city': 'Boulder', 'state_code': 'CO', 'country_code': 'USA', 'latitude': 40.018145, 'longitude': -105.278109}",Boulder,"{'type': 'Point', 'coordinates': [-105.278109, 40.018145]}"
56,Kashless,2008,9000000,2,['USD'],8,"{'description': 'World Headquarters', 'address1': '106 West Roy St.', 'address2': '', 'zip_code': '98119', 'city': 'Seattle', 'state_code': 'WA', 'country_code': 'USA', 'latitude': 47.6257402, 'longitude': -122.3581623}",Seattle,"{'type': 'Point', 'coordinates': [-122.3581623, 47.6257402]}"
57,AlphaClone,2008,1400000,3,['USD'],2,"{'description': '', 'address1': 'One Market Plaza', 'address2': 'Steuart Tower, Suite 1208', 'zip_code': '94105', 'city': 'San Francisco', 'state_code': 'CA', 'country_code': 'USA', 'latitude': 37.79023, 'longitude': -122.403073}",San Francisco,"{'type': 'Point', 'coordinates': [-122.403073, 37.79023]}"
58,Ranker,2008,5100000,4,['USD'],12,"{'description': 'HQ', 'address1': '6420 Wilshire Blvd.', 'address2': 'Suite 880', 'zip_code': '90048', 'city': 'Los Angeles', 'state_code': 'CA', 'country_code': 'USA', 'latitude': 34.1012181, 'longitude': -118.325739}",Los Angeles,"{'type': 'Point', 'coordinates': [-118.325739, 34.1012181]}"
59,Klout,2008,40000000,5,['USD'],79,"{'description': '', 'address1': '77 Stillman St.', 'address2': '', 'zip_code': '94103', 'city': 'San Francisco', 'state_code': 'CA', 'country_code': 'USA', 'latitude': 34.0497638, 'longitude': -118.2474287}",San Francisco,"{'type': 'Point', 'coordinates': [-118.2474287, 34.0497638]}"
60,Inadco,2008,17000000,3,['USD'],30,"{'description': '', 'address1': '445 Sherman Avenue', 'address2': '', 'zip_code': '94306', 'city': 'Palo Alto', 'state_code': 'CA', 'country_code': 'USA', 'latitude': 41.889832, 'longitude': -87.626718}",Palo Alto,"{'type': 'Point', 'coordinates': [-87.626718, 41.889832]}"
61,Foodista,2008,1300000,2,['USD'],3,"{'description': '', 'address1': '24 Roy Street,', 'address2': 'Suite 210', 'zip_code': '98109', 'city': 'Seattle', 'state_code': 'WA', 'country_code': 'USA', 'latitude': 47.6254784, 'longitude': -122.3564234}",Seattle,"{'type': 'Point', 'coordinates': [-122.3564234, 47.6254784]}"
62,Zorap,2008,2251000,2,['USD'],2,"{'description': '', 'address1': '', 'address2': '', 'zip_code': '', 'city': 'San Francisco', 'state_code': 'CA', 'country_code': 'USA', 'latitude': 37.775196, 'longitude': -122.419204}",San Francisco,"{'type': 'Point', 'coordinates': [-122.419204, 37.775196]}"
63,LockerDome,2008,8093000,4,['USD'],27,"{'description': 'HQ', 'address1': '1221 Washington Ave', 'address2': '', 'zip_code': '63103', 'city': 'St. Louis', 'state_code': 'MO', 'country_code': 'USA', 'latitude': 38.6501668, 'longitude': -90.2598684}",St. Louis,"{'type': 'Point', 'coordinates': [-90.2598684, 38.6501668]}"
64,Hara,2008,45000000,3,['USD'],60,"{'description': 'Headquarters', 'address1': '', 'address2': '', 'zip_code': '', 'city': 'San Mateo', 'state_code': 'CA', 'country_code': 'USA', 'latitude': 37.48413, 'longitude': -122.169472}",San Mateo,"{'type': 'Point', 'coordinates': [-122.169472, 37.48413]}"
65,EdeniQ,2008,83670000,4,['USD'],100,"{'description': 'Corporate Headquarters', 'address1': '2505 N. Shirk', 'address2': '', 'zip_code': '93291', 'city': 'Visalia', 'state_code': 'CA', 'country_code': 'USA', 'latitude': 36.35198, 'longitude': -119.368461}",Visalia,"{'type': 'Point', 'coordinates': [-119.368461, 36.35198]}"
66,Occipital,2008,8015000,3,['USD'],9,"{'description': 'Boulder Office', 'address1': '', 'address2': '', 'zip_code': '80302', 'city': 'Boulder', 'state_code': 'CO', 'country_code': 'USA', 'latitude': 40.018145, 'longitude': -105.278109}",Boulder,"{'type': 'Point', 'coordinates': [-105.278109, 40.018145]}"
67,Helpful Technologies,2008,18661010,5,['USD'],17,"{'description': 'Software Group', 'address1': '', 'address2': '', 'zip_code': '33309', 'city': 'Ft. Lauderdale', 'state_code': 'FL', 'country_code': 'USA', 'latitude': 26.2032036, 'longitude': -80.1510951}",Ft. Lauderdale,"{'type': 'Point', 'coordinates': [-80.1510951, 26.2032036]}"
68,Culture Jam,2008,1700000,2,['USD'],15,"{'description': '', 'address1': '2434 Lincoln Blvd', 'address2': 'Floor 2', 'zip_code': '90291', 'city': 'Los Angeles', 'state_code': 'CA', 'country_code': 'USA', 'latitude': 34.0137151, 'longitude': -118.4660597}",Los Angeles,"{'type': 'Point', 'coordinates': [-118.4660597, 34.0137151]}"
69,Fanminder,2008,1000000,1,['USD'],11,"{'description': 'Headquarters', 'address1': '625 Second Street', 'address2': 'Suite 280', 'zip_code': '94107', 'city': 'San Francisco', 'state_code': 'CA', 'country_code': 'USA', 'latitude': 37.3792486, 'longitude': -122.1151274}",San Francisco,"{'type': 'Point', 'coordinates': [-122.1151274, 37.3792486]}"
70,Cliqset,2008,2000000,2,['USD'],5,"{'description': 'Cliqset HQ', 'address1': '1450 Flagler Avenue', 'address2': '#3', 'zip_code': '32207', 'city': 'Jacksonville', 'state_code': 'FL', 'country_code': 'USA', 'latitude': 30.310978, 'longitude': -81.657707}",Jacksonville,"{'type': 'Point', 'coordinates': [-81.657707, 30.310978]}"
71,borro,2008,36000000,3,"['GBP', 'USD']",55,"{'description': 'Headquarters', 'address1': '53-64 Chancery House', 'address2': 'Chancery Lane', 'zip_code': 'WC2A 1QU', 'city': 'London', 'state_code': None, 'country_code': 'GBR', 'latitude': None, 'longitude': None}",London,"{'type': 'Point', 'coordinates': [None, None]}"
72,Talari Networks,2009,45100000,6,['USD'],60,"{'description': 'Headquarters', 'address1': '550 S. Winchester Blvd.', 'address2': 'Suite 500', 'zip_code': '95128', 'city': 'San Jose', 'state_code': 'CA', 'country_code': 'USA', 'latitude': 37.317735, 'longitude': -121.949417}",San Jose,"{'type': 'Point', 'coordinates': [-121.949417, 37.317735]}"
73,MyEdu,2009,18700000,3,['USD'],20,"{'description': 'Corporate Office', 'address1': '1301 S. MoPac Expy', 'address2': 'Ste. 250', 'zip_code': '78746', 'city': 'Austin', 'state_code': 'TX', 'country_code': 'USA', 'latitude': 30.288159, 'longitude': -97.750154}",Austin,"{'type': 'Point', 'coordinates': [-97.750154, 30.288159]}"
74,New Relic,2008,174500000,6,['USD'],63,"{'description': '', 'address1': '', 'address2': '', 'zip_code': '', 'city': 'San Francisco', 'state_code': 'CA', 'country_code': 'USA', 'latitude': 37.269175, 'longitude': -119.306607}",San Francisco,"{'type': 'Point', 'coordinates': [-119.306607, 37.269175]}"
75,UsingMiles,2010,3265000,4,['USD'],15,"{'description': 'Headquarters', 'address1': '1514 Blake St', 'address2': '', 'zip_code': '80202', 'city': 'Denver', 'state_code': 'CO', 'country_code': 'USA', 'latitude': 39.749671, 'longitude': -104.9998449}",Denver,"{'type': 'Point', 'coordinates': [-104.9998449, 39.749671]}"
76,PaperG,2008,2700000,1,['USD'],50,"{'description': 'Headquarters', 'address1': '530 Bush Street', 'address2': '9th Floor', 'zip_code': '94108', 'city': 'San Francisco', 'state_code': 'CA', 'country_code': 'USA', 'latitude': 37.7905948, 'longitude': -122.406111}",San Francisco,"{'type': 'Point', 'coordinates': [-122.406111, 37.7905948]}"
77,TheWrap,2008,3500000,3,['USD'],5,"{'description': 'Headquarters', 'address1': '1229a Montana Avenue', 'address2': '', 'zip_code': '90403', 'city': 'Santa Monica', 'state_code': 'CA', 'country_code': 'USA', 'latitude': None, 'longitude': None}",Santa Monica,"{'type': 'Point', 'coordinates': [None, None]}"
78,Tapulous,2008,2800000,4,['USD'],15,"{'description': '', 'address1': '240 Hamilton Ave', 'address2': '', 'zip_code': '94301', 'city': 'Palo Alto', 'state_code': 'CA', 'country_code': 'USA', 'latitude': 37.444332, 'longitude': -122.161018}",Palo Alto,"{'type': 'Point', 'coordinates': [-122.161018, 37.444332]}"
79,Sharethrough,2008,11000000,4,"[None, 'USD']",80,"{'description': '', 'address1': '394 Pacific Ave.', 'address2': 'Fl. 5', 'zip_code': '94111', 'city': 'San Francisco', 'state_code': 'CA', 'country_code': 'USA', 'latitude': 37.7976785, 'longitude': -122.4018163}",San Francisco,"{'type': 'Point', 'coordinates': [-122.4018163, 37.7976785]}"
80,CircleUp,2011,9000000,2,['USD'],11,"{'description': '', 'address1': '', 'address2': '', 'zip_code': '', 'city': 'San Francisco', 'state_code': 'CA', 'country_code': 'USA', 'latitude': None, 'longitude': None}",San Francisco,"{'type': 'Point', 'coordinates': [None, None]}"
81,Skydeck,2012,4000000,2,['USD'],9,"{'description': '', 'address1': '330 Waverley St.', 'address2': 'Suite 3', 'zip_code': '94301', 'city': 'Palo Alto', 'state_code': 'CA', 'country_code': 'USA', 'latitude': 37.5645375, 'longitude': -122.3254705}",Palo Alto,"{'type': 'Point', 'coordinates': [-122.3254705, 37.5645375]}"
82,CardStar,2008,2030882,3,['USD'],10,"{'description': 'Main Office', 'address1': '110 Chauncy St #1', 'address2': '', 'zip_code': '02111-1720', 'city': 'Boston', 'state_code': 'MA', 'country_code': 'USA', 'latitude': None, 'longitude': None}",Boston,"{'type': 'Point', 'coordinates': [None, None]}"
83,Viralheat,2009,4325000,2,['USD'],21,"{'description': '', 'address1': '1510 Fashion Island Blvd. Ste. 260', 'address2': '', 'zip_code': '94404', 'city': 'San Mateo', 'state_code': 'CA', 'country_code': 'USA', 'latitude': None, 'longitude': None}",San Mateo,"{'type': 'Point', 'coordinates': [None, None]}"
84,Vaultive,2009,11000000,2,['USD'],25,"{'description': 'HQ', 'address1': '100 Broadway, 14th Floor', 'address2': '', 'zip_code': '10005', 'city': 'New York', 'state_code': 'NY', 'country_code': 'USA', 'latitude': 40.707954, 'longitude': -74.011114}",New York,"{'type': 'Point', 'coordinates': [-74.011114, 40.707954]}"
85,Silver Tail Systems,2008,22100000,3,"['USD', None]",90,"{'description': 'Headquarters', 'address1': '1010 El Camino Real #300', 'address2': '', 'zip_code': '94025', 'city': 'Menlo Park', 'state_code': 'CA', 'country_code': 'USA', 'latitude': 37.4280877, 'longitude': -122.143368}",Menlo Park,"{'type': 'Point', 'coordinates': [-122.143368, 37.4280877]}"
86,fotopedia,2008,12662722,5,['USD'],17,"{'description': 'Paris', 'address1': '', 'address2': '', 'zip_code': '', 'city': 'Paris', 'state_code': None, 'country_code': 'FRA', 'latitude': 48.856667, 'longitude': 2.350987}",Paris,"{'type': 'Point', 'coordinates': [2.350987, 48.856667]}"
87,Testplant,2008,2564000,2,['USD'],50,"{'description': 'TestPlant', 'address1': '6 Snow Hill', 'address2': '', 'zip_code': 'EC1A 2AY', 'city': 'London', 'state_code': None, 'country_code': 'GBR', 'latitude': 51.517356, 'longitude': -0.1037742}",London,"{'type': 'Point', 'coordinates': [-0.1037742, 51.517356]}"
88,Allvoices,2008,3040000,2,['EUR'],10,"{'description': 'Main Office', 'address1': '351 California St.', 'address2': 'Ste. 1210', 'zip_code': '94104', 'city': 'San Francisco', 'state_code': 'CA', 'country_code': 'USA', 'latitude': 37.791068, 'longitude': -122.401942}",San Francisco,"{'type': 'Point', 'coordinates': [-122.401942, 37.791068]}"
89,DealBase Corporation,2008,1000000,1,['USD'],3,"{'description': 'DB HQ', 'address1': '1112 Ocean Drive', 'address2': '', 'zip_code': '90266', 'city': 'Manhattan Beach', 'state_code': 'CA', 'country_code': 'USA', 'latitude': 37.5758867, 'longitude': -122.3277578}",Manhattan Beach,"{'type': 'Point', 'coordinates': [-122.3277578, 37.5758867]}"
90,TweetPhoto,2009,2600000,1,['USD'],4,"{'description': '', 'address1': '', 'address2': '', 'zip_code': '', 'city': 'San Diego', 'state_code': 'CA', 'country_code': 'USA', 'latitude': None, 'longitude': None}",San Diego,"{'type': 'Point', 'coordinates': [None, None]}"
91,Koofers,2008,7000000,4,"[None, 'USD']",9,"{'description': 'Koofers', 'address1': '', 'address2': '', 'zip_code': '24060', 'city': 'Blacksburg', 'state_code': 'VA', 'country_code': 'USA', 'latitude': 37.2322135, 'longitude': -80.4164606}",Blacksburg,"{'type': 'Point', 'coordinates': [-80.4164606, 37.2322135]}"
92,Inuvo,2009,4200000,1,['USD'],50,"{'description': 'Clearwater, FL', 'address1': '15500 Lightwave Dr.', 'address2': 'Suite 300', 'zip_code': '33760', 'city': 'Clearwater', 'state_code': 'FL', 'country_code': 'USA', 'latitude': 27.913011, 'longitude': -82.702449}",Clearwater,"{'type': 'Point', 'coordinates': [-82.702449, 27.913011]}"
93,StudyBlue,2009,18453939,5,['USD'],18,"{'description': '', 'address1': '612 W. Main St.', 'address2': 'Ste 201', 'zip_code': '53703', 'city': 'Madison', 'state_code': 'WI', 'country_code': 'USA', 'latitude': 43.068006, 'longitude': -89.39256}",Madison,"{'type': 'Point', 'coordinates': [-89.39256, 43.068006]}"
94,Yipit,2010,7550000,3,['USD'],23,"{'description': 'HQ', 'address1': '3 W 18th', 'address2': '2nd Floor', 'zip_code': '10011', 'city': 'New York', 'state_code': 'NY', 'country_code': 'USA', 'latitude': 40.744618, 'longitude': -73.987764}",New York,"{'type': 'Point', 'coordinates': [-73.987764, 40.744618]}"
95,Koofers,2008,7000000,4,"[None, 'USD']",9,"{'description': 'Koofers', 'address1': '', 'address2': '', 'zip_code': '24060', 'city': 'Blacksburg', 'state_code': 'VA', 'country_code': 'USA', 'latitude': 37.2322135, 'longitude': -80.4164606}",Blacksburg,"{'type': 'Point', 'coordinates': [-80.4164606, 37.2322135]}"
96,L4 Mobile,2008,4800000,1,['USD'],25,"{'description': 'L4 Mobile', 'address1': '1818 Westlake Ave. N,', 'address2': 'Suite #424', 'zip_code': '98109', 'city': 'Seattle', 'state_code': 'WA', 'country_code': 'USA', 'latitude': 47.676762, 'longitude': -122.2049192}",Seattle,"{'type': 'Point', 'coordinates': [-122.2049192, 47.676762]}"
97,AppZero,2009,15100000,4,['USD'],50,"{'description': 'HQ', 'address1': '300 Brickston Sq.', 'address2': 'Suite 201', 'zip_code': '01810', 'city': 'Andover', 'state_code': 'MA', 'country_code': 'USA', 'latitude': 42.6751888, 'longitude': -71.1469003}",Andover,"{'type': 'Point', 'coordinates': [-71.1469003, 42.6751888]}"
98,Viridity Software,2008,15000000,2,['USD'],22,"{'description': 'Corporate Headquarters', 'address1': '5 Burlington Woods Suite 205', 'address2': '', 'zip_code': '01803', 'city': 'Burlington', 'state_code': 'MA', 'country_code': 'USA', 'latitude': 42.4871509, 'longitude': -71.1986329}",Burlington,"{'type': 'Point', 'coordinates': [-71.1986329, 42.4871509]}"
99,Factery,2009,1200000,1,['USD'],2,"{'description': '', 'address1': '', 'address2': '', 'zip_code': '94025', 'city': 'Menlo Park', 'state_code': 'CA', 'country_code': 'USA', 'latitude': 37.4484914, 'longitude': -122.1802812}",Menlo Park,"{'type': 'Point', 'coordinates': [-122.1802812, 37.4484914]}"
100,Meez,2009,10200000,3,['USD'],21,"{'description': '', 'address1': '620 Folsom St, Suite 350', 'address2': '', 'zip_code': '94107', 'city': 'San Francisco', 'state_code': 'CA', 'country_code': 'USA', 'latitude': 37.785271, 'longitude': -122.397582}",San Francisco,"{'type': 'Point', 'coordinates': [-122.397582, 37.785271]}"
101,Gengo,2008,18800000,5,['USD'],38,"{'description': 'Tokyo', 'address1': '3-27-11, Yushin bldg 8F, Shibuya,', 'address2': 'Shibuya-ku', 'zip_code': '151-0051', 'city': 'Tokyo', 'state_code': None, 'country_code': 'JPN', 'latitude': None, 'longitude': None}",Tokyo,"{'type': 'Point', 'coordinates': [None, None]}"
102,Glympse,2008,7500000,2,['USD'],20,"{'description': '', 'address1': '1124 Harrison St', 'address2': '', 'zip_code': '98109-5329', 'city': 'Seattle', 'state_code': 'WA', 'country_code': 'USA', 'latitude': 47.6220245, 'longitude': -122.3350847}",Seattle,"{'type': 'Point', 'coordinates': [-122.3350847, 47.6220245]}"
103,Wealthfront,2008,30500000,3,['USD'],20,"{'description': '', 'address1': '203 Forest Ave', 'address2': '', 'zip_code': '94301', 'city': 'Palo Alto', 'state_code': 'CA', 'country_code': 'USA', 'latitude': 37.4459832, 'longitude': -122.1490582}",Palo Alto,"{'type': 'Point', 'coordinates': [-122.1490582, 37.4459832]}"
104,Drync,2008,1770000,2,['USD'],8,"{'description': 'Headquarters', 'address1': '376 Boylston St.', 'address2': 'Suite 501', 'zip_code': '02115', 'city': 'Boston', 'state_code': 'MA', 'country_code': 'USA', 'latitude': 42.376862, 'longitude': -71.14462}",Boston,"{'type': 'Point', 'coordinates': [-71.14462, 42.376862]}"
105,KODA,2008,4500000,2,['USD'],15,"{'description': 'San Francisco', 'address1': '220 Montgomery Street', 'address2': '#991', 'zip_code': '94104', 'city': 'San Francisco', 'state_code': 'CA', 'country_code': 'USA', 'latitude': 37.788796, 'longitude': -122.40971}",San Francisco,"{'type': 'Point', 'coordinates': [-122.40971, 37.788796]}"
106,Homesnap,2008,5500000,2,['USD'],18,"{'description': 'HQ', 'address1': '5335 Wisconsin Ave, N.W.', 'address2': 'Suite 750', 'zip_code': '20015', 'city': 'Washington', 'state_code': 'DC', 'country_code': 'USA', 'latitude': 38.960381, 'longitude': -77.084811}",Washington,"{'type': 'Point', 'coordinates': [-77.084811, 38.960381]}"
107,Treehouse,2011,19388197,4,['USD'],55,"{'description': '', 'address1': '', 'address2': '', 'zip_code': '', 'city': 'Orlando', 'state_code': 'FL', 'country_code': 'USA', 'latitude': None, 'longitude': None}",Orlando,"{'type': 'Point', 'coordinates': [None, None]}"
108,Talenthouse,2009,15100000,2,['USD'],34,"{'description': 'Headquarters', 'address1': '542 High St', 'address2': '', 'zip_code': '94301', 'city': 'Palo Alto', 'state_code': 'CA', 'country_code': 'USA', 'latitude': None, 'longitude': None}",Palo Alto,"{'type': 'Point', 'coordinates': [None, None]}"
109,LockerDome,2008,8093000,4,['USD'],27,"{'description': 'HQ', 'address1': '1221 Washington Ave', 'address2': '', 'zip_code': '63103', 'city': 'St. Louis', 'state_code': 'MO', 'country_code': 'USA', 'latitude': 38.6501668, 'longitude': -90.2598684}",St. Louis,"{'type': 'Point', 'coordinates': [-90.2598684, 38.6501668]}"
110,Geodelic Systems,2008,10500000,3,"[None, 'USD']",30,"{'description': 'Geodelic HQ', 'address1': '3384 Robertson Place', 'address2': 'Suite 100', 'zip_code': '90034', 'city': 'Los Angeles', 'state_code': 'CA', 'country_code': 'USA', 'latitude': 34.005914, 'longitude': -118.488129}",Los Angeles,"{'type': 'Point', 'coordinates': [-118.488129, 34.005914]}"
111,PharmaNation,2008,25000000,1,['USD'],15,"{'description': 'Headquarters', 'address1': '100 Overlook Center, 2nd Floor', 'address2': '', 'zip_code': '08540', 'city': 'Princeton', 'state_code': 'NJ', 'country_code': 'USA', 'latitude': None, 'longitude': None}",Princeton,"{'type': 'Point', 'coordinates': [None, None]}"
112,Storenvy,2009,6525000,2,['USD'],10,"{'description': 'Storenvy HQ', 'address1': '2111 Mission St', 'address2': 'Ste 400', 'zip_code': '94110', 'city': 'San Francisco', 'state_code': 'CA', 'country_code': 'USA', 'latitude': None, 'longitude': None}",San Francisco,"{'type': 'Point', 'coordinates': [None, None]}"
113,5th Finger,2008,7000000,1,['USD'],50,"{'description': 'Headquarters', 'address1': '222 Sutter St Suite 450', 'address2': '', 'zip_code': '94108', 'city': 'San Francisco', 'state_code': 'CA', 'country_code': 'USA', 'latitude': 37.7900992, 'longitude': -122.4021988}",San Francisco,"{'type': 'Point', 'coordinates': [-122.4021988, 37.7900992]}"
114,Reverb Technologies,2008,12789996,5,['USD'],30,"{'description': '', 'address1': '195 East 4th Avenue', 'address2': '2nd Floor', 'zip_code': '', 'city': 'San Mateo', 'state_code': 'CA', 'country_code': 'USA', 'latitude': None, 'longitude': None}",San Mateo,"{'type': 'Point', 'coordinates': [None, None]}"
115,Kapitall,2008,7300000,1,['USD'],15,"{'description': 'Headquarters', 'address1': '241 Centre Street', 'address2': 'Suite 6FL', 'zip_code': '10013', 'city': 'New York', 'state_code': 'NY', 'country_code': 'USA', 'latitude': 40.720391, 'longitude': -73.9983139}",New York,"{'type': 'Point', 'coordinates': [-73.9983139, 40.720391]}"
116,Continuity Engine,2008,7841458,5,['USD'],11,"{'description': 'HQ', 'address1': '150 Munson Street, 25 Science Park at Yale', 'address2': '', 'zip_code': '06511', 'city': 'New Haven', 'state_code': 'CT', 'country_code': 'USA', 'latitude': 41.3279176, 'longitude': -73.2435522}",New Haven,"{'type': 'Point', 'coordinates': [-73.2435522, 41.3279176]}"
117,citiservi,2008,2700000,3,['EUR'],20,"{'description': 'citiservi Madrid', 'address1': 'Barquillo 11, 4th Floor', 'address2': '', 'zip_code': 'ES-28045', 'city': 'Madrid', 'state_code': None, 'country_code': 'ESP', 'latitude': None, 'longitude': None}",Madrid,"{'type': 'Point', 'coordinates': [None, None]}"
118,Formspring,2009,14255000,3,['USD'],19,"{'description': 'Formspring', 'address1': '', 'address2': '', 'zip_code': '94105', 'city': 'San Francisco', 'state_code': 'CA', 'country_code': 'USA', 'latitude': 39.9052263, 'longitude': -86.0547016}",San Francisco,"{'type': 'Point', 'coordinates': [-86.0547016, 39.9052263]}"
119,Titan Gaming,2010,1000000,1,['USD'],18,"{'description': 'Santa Monica Office', 'address1': '1351 4th Street, 4th floor', 'address2': '', 'zip_code': '90401', 'city': 'Santa Monica', 'state_code': 'CA', 'country_code': 'USA', 'latitude': 53.544711, 'longitude': -113.515769}",Santa Monica,"{'type': 'Point', 'coordinates': [-113.515769, 53.544711]}"
120,Edmodo,2008,40000000,3,"[None, 'USD']",100,"{'description': '', 'address1': '60 E. Third Ave., #390', 'address2': '', 'zip_code': '94401', 'city': 'San Mateo', 'state_code': 'CA', 'country_code': 'USA', 'latitude': 41.857915, 'longitude': -88.321171}",San Mateo,"{'type': 'Point', 'coordinates': [-88.321171, 41.857915]}"
121,Skoodat,2008,2000000,2,['USD'],9,"{'description': 'Main Office', 'address1': '1604 Carter Street', 'address2': 'Suite 101', 'zip_code': '37402', 'city': 'Chattanooga', 'state_code': 'TN', 'country_code': 'USA', 'latitude': 34.9707103, 'longitude': -85.3509296}",Chattanooga,"{'type': 'Point', 'coordinates': [-85.3509296, 34.9707103]}"
122,StockTwits,2008,8600000,5,"[None, 'USD']",12,"{'description': '', 'address1': '600 West Broadway', 'address2': 'Suite 910', 'zip_code': '92101', 'city': 'San Diego', 'state_code': 'CA', 'country_code': 'USA', 'latitude': 32.7161896, 'longitude': -117.168697}",San Diego,"{'type': 'Point', 'coordinates': [-117.168697, 32.7161896]}"
123,iChange,2008,1830000,3,['USD'],8,"{'description': 'Pasadena Office', 'address1': '101 E. Green Street, Suite 1', 'address2': '', 'zip_code': '91105', 'city': 'Pasadena', 'state_code': 'CA', 'country_code': 'USA', 'latitude': 34.144926, 'longitude': -118.149767}",Pasadena,"{'type': 'Point', 'coordinates': [-118.149767, 34.144926]}"
124,Salesconx,2008,1300000,1,['USD'],15,"{'description': 'Times Square', 'address1': '701 Seventh Ave', 'address2': '9th Floor', 'zip_code': '10036', 'city': 'New York', 'state_code': 'NY', 'country_code': 'USA', 'latitude': 40.759243, 'longitude': -73.98459}",New York,"{'type': 'Point', 'coordinates': [-73.98459, 40.759243]}"
125,Lolapps,2008,4000000,1,['USD'],65,"{'description': '', 'address1': '116 New Montgomery', 'address2': '', 'zip_code': '94105', 'city': 'San Francisco', 'state_code': 'CA', 'country_code': 'USA', 'latitude': 37.7870923, 'longitude': -122.3999719}",San Francisco,"{'type': 'Point', 'coordinates': [-122.3999719, 37.7870923]}"
126,Bizo,2008,28500000,4,['USD'],66,"{'description': 'Corp HQ', 'address1': '225 Bush St.', 'address2': 'Suite #1150', 'zip_code': '94104', 'city': 'San Francisco', 'state_code': 'CA', 'country_code': 'USA', 'latitude': 37.7911186, 'longitude': -122.4011706}",San Francisco,"{'type': 'Point', 'coordinates': [-122.4011706, 37.7911186]}"
127,Zapproved,2008,1450000,1,['USD'],27,"{'description': 'Headquarters', 'address1': '19075 NW Tanasbourne Drive', 'address2': 'Suite 120', 'zip_code': '97124', 'city': 'Portland', 'state_code': 'OR', 'country_code': 'USA', 'latitude': 45.5251, 'longitude': -122.8097}",Portland,"{'type': 'Point', 'coordinates': [-122.8097, 45.5251]}"
128,Serious Business,2008,4000000,1,['USD'],22,"{'description': '', 'address1': '580 Market Street', 'address2': '#600', 'zip_code': '94104', 'city': 'San Francisco', 'state_code': 'CA', 'country_code': 'USA', 'latitude': 37.7893215, 'longitude': -122.4013624}",San Francisco,"{'type': 'Point', 'coordinates': [-122.4013624, 37.7893215]}"
129,drchrono,2009,4125000,6,['USD'],50,"{'description': 'Chronoplex', 'address1': '1001 Rengstorff Avenue', 'address2': '', 'zip_code': '94043', 'city': 'Mountain View', 'state_code': 'CA', 'country_code': 'USA', 'latitude': 37.4202074, 'longitude': -122.0933053}",Mountain View,"{'type': 'Point', 'coordinates': [-122.0933053, 37.4202074]}"
130,Pictela,2008,3499997,4,['USD'],20,"{'description': 'Pictela New York', 'address1': '770 Broadway', 'address2': '', 'zip_code': '10003', 'city': 'New York', 'state_code': 'NY', 'country_code': 'USA', 'latitude': 40.756054, 'longitude': -73.986951}",New York,"{'type': 'Point', 'coordinates': [-73.986951, 40.756054]}"
131,NewsCred,2008,21750000,4,['USD'],70,"{'description': 'New York Office', 'address1': '27 W 24th Street, Suite 202', 'address2': '', 'zip_code': '10010', 'city': 'New York', 'state_code': 'NY', 'country_code': 'USA', 'latitude': 46.223157, 'longitude': 6.124424}",New York,"{'type': 'Point', 'coordinates': [6.124424, 46.223157]}"
132,OtherInbox,2008,3800000,4,"[None, 'USD']",14,"{'description': 'HQ', 'address1': '701 Brazos St', 'address2': 'Ste 1600', 'zip_code': '78701', 'city': 'Austin', 'state_code': 'TX', 'country_code': 'USA', 'latitude': 30.269004, 'longitude': -97.740395}",Austin,"{'type': 'Point', 'coordinates': [-97.740395, 30.269004]}"
133,Servo Software,2008,3011408,1,['USD'],40,"{'description': 'World Headquarters', 'address1': '1900 S. Norfolk', 'address2': 'Suite 350', 'zip_code': '94403', 'city': 'San Mateo', 'state_code': 'CA', 'country_code': 'USA', 'latitude': 37.552262, 'longitude': -122.292146}",San Mateo,"{'type': 'Point', 'coordinates': [-122.292146, 37.552262]}"
134,The Resumator,2009,2975000,5,['USD'],40,"{'description': '', 'address1': '', 'address2': '', 'zip_code': '', 'city': 'Pittsburgh', 'state_code': 'PA', 'country_code': 'USA', 'latitude': 40.438423, 'longitude': -80.001933}",Pittsburgh,"{'type': 'Point', 'coordinates': [-80.001933, 40.438423]}"
135,Geodelic Systems,2008,10500000,3,"[None, 'USD']",30,"{'description': 'Geodelic HQ', 'address1': '3384 Robertson Place', 'address2': 'Suite 100', 'zip_code': '90034', 'city': 'Los Angeles', 'state_code': 'CA', 'country_code': 'USA', 'latitude': 34.005914, 'longitude': -118.488129}",Los Angeles,"{'type': 'Point', 'coordinates': [-118.488129, 34.005914]}"
136,Fliptop,2010,6785000,4,['USD'],16,"{'description': 'Headquarters', 'address1': '580 Howard Street', 'address2': 'Suite 201', 'zip_code': '94105', 'city': 'San Francisco', 'state_code': 'CA', 'country_code': 'USA', 'latitude': 37.775206, 'longitude': -122.419209}",San Francisco,"{'type': 'Point', 'coordinates': [-122.419209, 37.775206]}"
137,Collecta,2008,6580000,2,['USD'],10,"{'description': 'HQ', 'address1': '1438 9th Street', 'address2': '', 'zip_code': '90401', 'city': 'Santa Monica', 'state_code': 'CA', 'country_code': 'USA', 'latitude': None, 'longitude': None}",Santa Monica,"{'type': 'Point', 'coordinates': [None, None]}"
138,ChallengePost,2009,4600000,2,['USD'],17,"{'description': '', 'address1': '425 West 13th Street', 'address2': 'Suite 504', 'zip_code': '10014', 'city': 'New York', 'state_code': 'NY', 'country_code': 'USA', 'latitude': 40.7408042, 'longitude': -74.00717}",New York,"{'type': 'Point', 'coordinates': [-74.00717, 40.7408042]}"
139,GameChanger Media,2009,3637657,5,['USD'],20,"{'description': 'New York Office', 'address1': '86 Chambers St', 'address2': '2nd Floor', 'zip_code': '10007', 'city': 'New York', 'state_code': 'NY', 'country_code': 'USA', 'latitude': 40.7078343, 'longitude': -74.0136605}",New York,"{'type': 'Point', 'coordinates': [-74.0136605, 40.7078343]}"
140,Producteev,2008,1310000,3,['USD'],10,"{'description': 'Headquarters', 'address1': '242W 30th Street', 'address2': 'Suite 501', 'zip_code': '10001', 'city': 'New York', 'state_code': 'NY', 'country_code': 'USA', 'latitude': 40.775309, 'longitude': -73.983656}",New York,"{'type': 'Point', 'coordinates': [-73.983656, 40.775309]}"
141,Stack Exchange,2008,18000000,2,['USD'],100,"{'description': 'New York Office', 'address1': '55 Broadway 26 FL', 'address2': '', 'zip_code': '10006', 'city': 'New York', 'state_code': 'NY', 'country_code': 'USA', 'latitude': None, 'longitude': None}",New York,"{'type': 'Point', 'coordinates': [None, None]}"
142,TheWrap,2008,3500000,3,['USD'],5,"{'description': 'Headquarters', 'address1': '1229a Montana Avenue', 'address2': '', 'zip_code': '90403', 'city': 'Santa Monica', 'state_code': 'CA', 'country_code': 'USA', 'latitude': None, 'longitude': None}",Santa Monica,"{'type': 'Point', 'coordinates': [None, None]}"
143,Wahanda,2008,7000000,2,['GBP'],50,"{'description': 'London Office', 'address1': 'Floor 4 Great Titchfield House', 'address2': '14-18 Great Titchfield Street', 'zip_code': 'W1W 8BD', 'city': 'London', 'state_code': None, 'country_code': 'GBR', 'latitude': 41.792265, 'longitude': 1.996567}",London,"{'type': 'Point', 'coordinates': [1.996567, 41.792265]}"
144,Simulmedia,2009,57250008,6,['USD'],35,"{'description': '', 'address1': '670 Broadway', 'address2': 'Second Floor', 'zip_code': '10012', 'city': 'New York', 'state_code': 'NY', 'country_code': 'USA', 'latitude': 40.727216, 'longitude': -73.994797}",New York,"{'type': 'Point', 'coordinates': [-73.994797, 40.727216]}"
145,tracx,2008,7900000,2,['USD'],40,"{'description': 'HQ', 'address1': '104 West 27th Street,', 'address2': '3rd Floor', 'zip_code': '10001', 'city': 'New York', 'state_code': 'NY', 'country_code': 'USA', 'latitude': 32.0554, 'longitude': 34.7595}",New York,"{'type': 'Point', 'coordinates': [34.7595, 32.0554]}"
146,Syncplicity,2008,2350000,1,['USD'],25,"{'description': '', 'address1': '1134 Crane Street', 'address2': '', 'zip_code': '94025', 'city': 'Menlo Park', 'state_code': 'CA', 'country_code': 'USA', 'latitude': 37.814202, 'longitude': -122.477959}",Menlo Park,"{'type': 'Point', 'coordinates': [-122.477959, 37.814202]}"
147,trueAnthem,2008,7481854,3,['USD'],10,"{'description': 'Mailing Address', 'address1': 'PO Box 330536', 'address2': '', 'zip_code': '94133', 'city': 'San Francisco', 'state_code': 'CA', 'country_code': 'USA', 'latitude': 37.8059887, 'longitude': -122.4099154}",San Francisco,"{'type': 'Point', 'coordinates': [-122.4099154, 37.8059887]}"
148,Outright,2008,7500000,2,['USD'],20,"{'description': 'Headquarters', 'address1': '191 Castro St.', 'address2': 'Ste. 200', 'zip_code': '94041', 'city': 'Mountain View', 'state_code': 'CA', 'country_code': 'USA', 'latitude': 37.287285, 'longitude': -121.942932}",Mountain View,"{'type': 'Point', 'coordinates': [-121.942932, 37.287285]}"
149,SiSense,2010,10000000,1,['USD'],50,"{'description': 'World Headquarters', 'address1': '36 Hanamal st.', 'address2': '', 'zip_code': '', 'city': 'Tel Aviv', 'state_code': None, 'country_code': 'ISR', 'latitude': None, 'longitude': None}",Tel Aviv,"{'type': 'Point', 'coordinates': [None, None]}"
150,Pict,2012,1400000,1,['USD'],5,"{'description': '', 'address1': '', 'address2': '', 'zip_code': '94105', 'city': 'San Francisco', 'state_code': 'CA', 'country_code': 'USA', 'latitude': None, 'longitude': None}",San Francisco,"{'type': 'Point', 'coordinates': [None, None]}"
151,CoTweet,2009,1100000,1,['USD'],18,"{'description': '', 'address1': 'Pier 38', 'address2': '', 'zip_code': '94107', 'city': 'San Francisco', 'state_code': 'CA', 'country_code': 'USA', 'latitude': 37.7405936, 'longitude': -122.3764714}",San Francisco,"{'type': 'Point', 'coordinates': [-122.3764714, 37.7405936]}"
152,People Capital,2008,2500000,1,['USD'],10,"{'description': 'Headquarters', 'address1': '', 'address2': '', 'zip_code': '', 'city': 'New York', 'state_code': 'NY', 'country_code': 'USA', 'latitude': 40.756054, 'longitude': -73.986951}",New York,"{'type': 'Point', 'coordinates': [-73.986951, 40.756054]}"
153,Cloudant,2008,18250000,8,['USD'],70,"{'description': '', 'address1': '129 South Street', 'address2': '', 'zip_code': '02111', 'city': 'Boston', 'state_code': 'MA', 'country_code': 'USA', 'latitude': 42.35892, 'longitude': -71.05781}",Boston,"{'type': 'Point', 'coordinates': [-71.05781, 42.35892]}"
154,Smallaa,2008,3000000,1,['USD'],5,"{'description': 'Smallaa Inc', 'address1': '2860 Zanker Road Ste 108', 'address2': '', 'zip_code': '95134', 'city': 'San Jose', 'state_code': 'CA', 'country_code': 'USA', 'latitude': 37.39458, 'longitude': -121.928393}",San Jose,"{'type': 'Point', 'coordinates': [-121.928393, 37.39458]}"
155,GoingOn,2008,8500000,3,['USD'],40,"{'description': 'GoingOn Networks, Inc.', 'address1': '450 Sansome Street', 'address2': '12th Floor', 'zip_code': '94111', 'city': 'San Francisco', 'state_code': 'CA', 'country_code': 'USA', 'latitude': 37.782263, 'longitude': -122.392142}",San Francisco,"{'type': 'Point', 'coordinates': [-122.392142, 37.782263]}"
156,Struq,2008,8500000,1,['USD'],50,"{'description': 'London HQ', 'address1': '5th Floor Waverley House', 'address2': '7-11 Noel Street', 'zip_code': 'W1F 8GQ', 'city': 'London', 'state_code': None, 'country_code': 'GBR', 'latitude': 51.5152023, 'longitude': -0.1366861}",London,"{'type': 'Point', 'coordinates': [-0.1366861, 51.5152023]}"
157,BrandYourself,2009,1500000,2,['USD'],22,"{'description': '', 'address1': '120 Walker St', 'address2': 'FL 2', 'zip_code': '10013', 'city': 'New York', 'state_code': 'NY', 'country_code': 'USA', 'latitude': 42.275263, 'longitude': -71.24762}",New York,"{'type': 'Point', 'coordinates': [-71.24762, 42.275263]}"
158,AdRocket,2008,1000000,1,['USD'],5,"{'description': 'AdRocket Headquarters', 'address1': '', 'address2': '', 'zip_code': '', 'city': 'San Francisco', 'state_code': 'CA', 'country_code': 'USA', 'latitude': 37.775196, 'longitude': -122.419204}",San Francisco,"{'type': 'Point', 'coordinates': [-122.419204, 37.775196]}"
159,BrightScope,2008,5900000,3,['USD'],70,"{'description': 'BrightScope', 'address1': 'UTC/La Jolla', 'address2': '', 'zip_code': '', 'city': 'San Diego', 'state_code': 'CA', 'country_code': 'USA', 'latitude': 32.873081, 'longitude': -117.2117395}",San Diego,"{'type': 'Point', 'coordinates': [-117.2117395, 32.873081]}"
160,Teambox,2009,6750000,3,['USD'],35,"{'description': 'Barcelona Office', 'address1': 'Ronda Universitat 31', 'address2': '5o 4a', 'zip_code': '08007', 'city': 'Barcelona', 'state_code': 'CA', 'country_code': 'ESP', 'latitude': 41.4063346, 'longitude': 2.1920231}",Barcelona,"{'type': 'Point', 'coordinates': [2.1920231, 41.4063346]}"
161,iCharts,2008,3100000,1,['USD'],16,"{'description': 'Main Office', 'address1': '440 North Wolfe Road', 'address2': '', 'zip_code': '94085', 'city': 'Sunnyvale', 'state_code': 'CA', 'country_code': 'USA', 'latitude': 37.384239, 'longitude': -122.012475}",Sunnyvale,"{'type': 'Point', 'coordinates': [-122.012475, 37.384239]}"
162,Cloudkick,2009,2750000,2,['USD'],15,"{'description': 'Cloudkick', 'address1': '', 'address2': '', 'zip_code': '', 'city': 'San Francisco', 'state_code': 'CA', 'country_code': 'USA', 'latitude': None, 'longitude': None}",San Francisco,"{'type': 'Point', 'coordinates': [None, None]}"
163,Inuvo,2009,4200000,1,['USD'],50,"{'description': 'Clearwater, FL', 'address1': '15500 Lightwave Dr.', 'address2': 'Suite 300', 'zip_code': '33760', 'city': 'Clearwater', 'state_code': 'FL', 'country_code': 'USA', 'latitude': 27.913011, 'longitude': -82.702449}",Clearwater,"{'type': 'Point', 'coordinates': [-82.702449, 27.913011]}"
164,PeekYou,2012,1825000,5,['USD'],20,"{'description': None, 'address1': None, 'address2': None, 'zip_code': None, 'city': 'New York', 'state_code': 'NY', 'country_code': 'USA', 'latitude': 40.757929, 'longitude': -73.985506}",New York,"{'type': 'Point', 'coordinates': [-73.985506, 40.757929]}"
165,Vuclip,2008,27000000,3,['USD'],100,"{'description': 'Head Quarters', 'address1': '1551 McCarthy Boulevard', 'address2': 'Suite 213', 'zip_code': '95035', 'city': 'Milpitas', 'state_code': 'CA', 'country_code': 'USA', 'latitude': 37.406027, 'longitude': -121.918642}",Milpitas,"{'type': 'Point', 'coordinates': [-121.918642, 37.406027]}"
166,BASH Gaming,2010,1000000,1,['USD'],25,"{'description': 'US Office', 'address1': '', 'address2': '', 'zip_code': '94555', 'city': 'Fremont', 'state_code': 'CA', 'country_code': 'USA', 'latitude': 37.5561712, 'longitude': -122.0780632}",Fremont,"{'type': 'Point', 'coordinates': [-122.0780632, 37.5561712]}"
167,RxVantage,2008,2750000,2,['USD'],15,"{'description': 'Headquarters', 'address1': '8603 Washington Blvd.', 'address2': '', 'zip_code': '90232', 'city': 'Culver City', 'state_code': 'CA', 'country_code': 'USA', 'latitude': 34.030479, 'longitude': -118.3814329}",Culver City,"{'type': 'Point', 'coordinates': [-118.3814329, 34.030479]}"
168,Wiggio,2008,2939581,4,['USD'],4,"{'description': 'Wiggio', 'address1': '', 'address2': '', 'zip_code': '', 'city': 'Boston', 'state_code': 'MA', 'country_code': 'USA', 'latitude': 42.3584308, 'longitude': -71.0597732}",Boston,"{'type': 'Point', 'coordinates': [-71.0597732, 42.3584308]}"
169,SproutBox,2008,1015000,1,['USD'],10,"{'description': 'The Box', 'address1': '', 'address2': '', 'zip_code': '47404', 'city': 'Bloomington', 'state_code': 'IN', 'country_code': 'USA', 'latitude': 39.164287, 'longitude': -86.526904}",Bloomington,"{'type': 'Point', 'coordinates': [-86.526904, 39.164287]}"
170,Tinychat,2009,1500000,1,['USD'],5,"{'description': 'Home Office', 'address1': 'PO Box 431', 'address2': '', 'zip_code': '11542', 'city': 'Glen Cove', 'state_code': 'NY', 'country_code': 'USA', 'latitude': 42.3756409, 'longitude': -72.5196907}",Glen Cove,"{'type': 'Point', 'coordinates': [-72.5196907, 42.3756409]}"
171,Tongal,2009,16000000,2,['USD'],8,"{'description': 'Headquarters', 'address1': '1918 Main Street', 'address2': '2nd Floor', 'zip_code': '90405', 'city': 'Santa Monica', 'state_code': 'CA', 'country_code': 'USA', 'latitude': 34.007112, 'longitude': -118.489748}",Santa Monica,"{'type': 'Point', 'coordinates': [-118.489748, 34.007112]}"
172,Posterous,2008,10140000,4,['USD'],9,"{'description': '', 'address1': '', 'address2': '', 'zip_code': '', 'city': 'San Francisco', 'state_code': 'CA', 'country_code': 'USA', 'latitude': 37.775196, 'longitude': -122.419204}",San Francisco,"{'type': 'Point', 'coordinates': [-122.419204, 37.775196]}"
173,gdgt,2009,3715000,2,['USD'],17,"{'description': '', 'address1': '901 Mission St.', 'address2': 'Suite 209', 'zip_code': '94103', 'city': 'San Francisco', 'state_code': 'CA', 'country_code': 'USA', 'latitude': None, 'longitude': None}",San Francisco,"{'type': 'Point', 'coordinates': [None, None]}"
174,Sofa Labs,2009,1200000,2,"[None, 'USD']",5,"{'description': '', 'address1': '300 South Ellsworth Avenue', 'address2': '', 'zip_code': '94401', 'city': 'San Mateo', 'state_code': 'CA', 'country_code': 'USA', 'latitude': 37.5646055, 'longitude': -122.3229235}",San Mateo,"{'type': 'Point', 'coordinates': [-122.3229235, 37.5646055]}"
175,Sailthru,2008,48000000,4,['USD'],85,"{'description': 'New York', 'address1': '160 Varick St.', 'address2': '12th floor', 'zip_code': '10013', 'city': 'New York', 'state_code': 'NY', 'country_code': 'USA', 'latitude': 40.738143, 'longitude': -74.008159}",New York,"{'type': 'Point', 'coordinates': [-74.008159, 40.738143]}"
176,Pixelpipe,2008,2300000,2,"[None, 'USD']",10,"{'description': 'World Headquarters', 'address1': '321 7th St', 'address2': '', 'zip_code': '94103', 'city': 'San Francisco', 'state_code': 'CA', 'country_code': 'USA', 'latitude': 37.764395, 'longitude': -122.401024}",San Francisco,"{'type': 'Point', 'coordinates': [-122.401024, 37.764395]}"
177,Chartbeat,2009,14475000,4,['USD'],50,"{'description': '', 'address1': '826 Broadway', 'address2': '6th Floor', 'zip_code': '10003', 'city': 'New York', 'state_code': 'NY', 'country_code': 'USA', 'latitude': 40.73343, 'longitude': -73.990967}",New York,"{'type': 'Point', 'coordinates': [-73.990967, 40.73343]}"
178,Social Gaming Network,2011,17100000,4,"['USD', None]",100,"{'description': 'HQ Los Angeles', 'address1': '9570 W. Pico Blvd 3rd Floor', 'address2': '', 'zip_code': '90035', 'city': 'Los Angeles', 'state_code': 'CA', 'country_code': 'USA', 'latitude': 37.446823, 'longitude': -122.161523}",Los Angeles,"{'type': 'Point', 'coordinates': [-122.161523, 37.446823]}"
179,UsingMiles,2010,3265000,4,['USD'],15,"{'description': 'Headquarters', 'address1': '1514 Blake St', 'address2': '', 'zip_code': '80202', 'city': 'Denver', 'state_code': 'CO', 'country_code': 'USA', 'latitude': 39.749671, 'longitude': -104.9998449}",Denver,"{'type': 'Point', 'coordinates': [-104.9998449, 39.749671]}"
180,Emotive Communications,2011,13950000,2,['USD'],25,"{'description': 'HQ', 'address1': '345 California Street', 'address2': '10th Floor', 'zip_code': '94104', 'city': 'San Francisco', 'state_code': 'CA', 'country_code': 'USA', 'latitude': None, 'longitude': None}",San Francisco,"{'type': 'Point', 'coordinates': [None, None]}"
181,Dukky,2008,1000000,1,['USD'],15,"{'description': '', 'address1': '1200 West Causeway Approach', 'address2': 'Suite 24', 'zip_code': '70471', 'city': 'Mandeville', 'state_code': 'LA', 'country_code': 'USA', 'latitude': 29.973994, 'longitude': -90.082202}",Mandeville,"{'type': 'Point', 'coordinates': [-90.082202, 29.973994]}"
182,Infochimps,2009,5350000,5,['USD'],24,"{'description': 'Infochimps House of Data', 'address1': '1214 W 6th St', 'address2': 'Suite 202', 'zip_code': '78703', 'city': 'Austin', 'state_code': 'TX', 'country_code': 'USA', 'latitude': 30.2734822, 'longitude': -97.7588828}",Austin,"{'type': 'Point', 'coordinates': [-97.7588828, 30.2734822]}"
183,Cognitive Match,2009,10150000,3,['USD'],40,"{'description': 'London', 'address1': '33/14 Great Saint Thomas Apostle', 'address2': '', 'zip_code': 'EC4V 2BB', 'city': 'London', 'state_code': None, 'country_code': 'GBR', 'latitude': 51.5119418, 'longitude': -0.0936688}",London,"{'type': 'Point', 'coordinates': [-0.0936688, 51.5119418]}"
184,Keas,2008,25500000,3,['USD'],50,"{'description': '', 'address1': '625 Market Street fl. 9', 'address2': '', 'zip_code': '94105', 'city': 'San Francisco', 'state_code': 'CA', 'country_code': 'USA', 'latitude': None, 'longitude': None}",San Francisco,"{'type': 'Point', 'coordinates': [None, None]}"
185,Milo,2008,4950000,2,['USD'],20,"{'description': 'Headquarters', 'address1': '170A University Ave.', 'address2': '', 'zip_code': '94301', 'city': 'Palo Alto', 'state_code': 'CA', 'country_code': 'USA', 'latitude': 37.444531, 'longitude': -122.163352}",Palo Alto,"{'type': 'Point', 'coordinates': [-122.163352, 37.444531]}"
186,appssavvy,2008,10200000,3,['USD'],20,"{'description': 'Headquarters', 'address1': '594 Broadway', 'address2': 'Suite 207', 'zip_code': '10012', 'city': 'New York', 'state_code': 'NY', 'country_code': 'USA', 'latitude': 40.724604, 'longitude': -73.996876}",New York,"{'type': 'Point', 'coordinates': [-73.996876, 40.724604]}"
187,Gravity,2009,20600000,2,['USD'],12,"{'description': '', 'address1': 'Project Rover, Inc.', 'address2': '', 'zip_code': '', 'city': 'Santa Monica', 'state_code': 'CA', 'country_code': 'USA', 'latitude': 34.007967, 'longitude': -118.489681}",Santa Monica,"{'type': 'Point', 'coordinates': [-118.489681, 34.007967]}"
188,Widgetbox,2012,14500000,3,['USD'],30,"{'description': None, 'address1': None, 'address2': None, 'zip_code': '94111', 'city': 'San Francisco', 'state_code': 'CA', 'country_code': 'USA', 'latitude': 37.798853, 'longitude': -122.398599}",San Francisco,"{'type': 'Point', 'coordinates': [-122.398599, 37.798853]}"
189,Lolapps,2008,4000000,1,['USD'],65,"{'description': '', 'address1': '116 New Montgomery', 'address2': '', 'zip_code': '94105', 'city': 'San Francisco', 'state_code': 'CA', 'country_code': 'USA', 'latitude': 37.7870923, 'longitude': -122.3999719}",San Francisco,"{'type': 'Point', 'coordinates': [-122.3999719, 37.7870923]}"
190,Sauce Labs,2008,14000000,3,['USD'],40,"{'description': '', 'address1': '500 Third St.', 'address2': '', 'zip_code': '94107', 'city': 'San Francisco', 'state_code': 'CA', 'country_code': 'USA', 'latitude': None, 'longitude': None}",San Francisco,"{'type': 'Point', 'coordinates': [None, None]}"
191,Jelli,2008,16600000,4,['USD'],12,"{'description': 'Jelli, Inc.', 'address1': '4 West 4th Avenue', 'address2': 'Suite 206', 'zip_code': '94402', 'city': 'San Mateo', 'state_code': 'CA', 'country_code': 'USA', 'latitude': 37.55909, 'longitude': -122.321836}",San Mateo,"{'type': 'Point', 'coordinates': [-122.321836, 37.55909]}"
192,iGuiders,2008,1170000,3,['USD'],5,"{'description': '', 'address1': '23811 Chagrin', 'address2': 'Boulevard Suite 244', 'zip_code': '44122', 'city': 'Beachwood', 'state_code': 'OH', 'country_code': 'USA', 'latitude': None, 'longitude': None}",Beachwood,"{'type': 'Point', 'coordinates': [None, None]}"
193,SimpleGeo,2009,9807367,3,['USD'],25,"{'description': 'SimpleGeo HQ', 'address1': '41 Decatur', 'address2': '', 'zip_code': '94103', 'city': 'San Francisco', 'state_code': 'CA', 'country_code': 'USA', 'latitude': None, 'longitude': None}",San Francisco,"{'type': 'Point', 'coordinates': [None, None]}"
194,AudioMicro,2008,1250000,2,['USD'],10,"{'description': '', 'address1': '13351-D Riverside Dr #219', 'address2': '', 'zip_code': '91423', 'city': 'Sherman Oaks', 'state_code': 'CA', 'country_code': 'USA', 'latitude': 34.153588, 'longitude': -118.422495}",Sherman Oaks,"{'type': 'Point', 'coordinates': [-118.422495, 34.153588]}"
195,Medialets,2008,28400000,4,['USD'],60,"{'description': '', 'address1': '', 'address2': '', 'zip_code': '', 'city': 'New York', 'state_code': 'NY', 'country_code': 'USA', 'latitude': 40.756054, 'longitude': -73.986951}",New York,"{'type': 'Point', 'coordinates': [-73.986951, 40.756054]}"
196,Gridstore,2009,25000000,3,"['USD', 'EUR']",31,"{'description': 'Gridstore', 'address1': '1975 Lndings Drive', 'address2': '', 'zip_code': '94043', 'city': 'Mountain View', 'state_code': 'CA', 'country_code': 'USA', 'latitude': 37.4189073, 'longitude': -122.0884286}",Mountain View,"{'type': 'Point', 'coordinates': [-122.0884286, 37.4189073]}"
197,Avenue Right,2008,1131250,1,['USD'],14,"{'description': 'Avenue Right, LLC', 'address1': '1854 NDSU Research Circle N', 'address2': '', 'zip_code': '58102', 'city': 'Fargo', 'state_code': 'ND', 'country_code': 'USA', 'latitude': 46.9037602, 'longitude': -96.8098798}",Fargo,"{'type': 'Point', 'coordinates': [-96.8098798, 46.9037602]}"
198,Stack Exchange,2008,18000000,2,['USD'],100,"{'description': 'New York Office', 'address1': '55 Broadway 26 FL', 'address2': '', 'zip_code': '10006', 'city': 'New York', 'state_code': 'NY', 'country_code': 'USA', 'latitude': None, 'longitude': None}",New York,"{'type': 'Point', 'coordinates': [None, None]}"
199,Foodista,2008,1300000,2,['USD'],3,"{'description': '', 'address1': '24 Roy Street,', 'address2': 'Suite 210', 'zip_code': '98109', 'city': 'Seattle', 'state_code': 'WA', 'country_code': 'USA', 'latitude': 47.6254784, 'longitude': -122.3564234}",Seattle,"{'type': 'Point', 'coordinates': [-122.3564234, 47.6254784]}"
200,oneforty,2009,2345000,4,['USD'],5,"{'description': 'Main office', 'address1': '614 Massachusetts Ave, Suite 203', 'address2': '', 'zip_code': '02139', 'city': 'Cambridge', 'state_code': 'MA', 'country_code': 'USA', 'latitude': 42.364014, 'longitude': -71.101375}",Cambridge,"{'type': 'Point', 'coordinates': [-71.101375, 42.364014]}"
201,Diffbot,2010,2000000,1,['USD'],6,"{'description': '', 'address1': '395 Page Mill Rd', 'address2': '', 'zip_code': '94306', 'city': 'Palo Alto', 'state_code': 'CA', 'country_code': 'USA', 'latitude': None, 'longitude': None}",Palo Alto,"{'type': 'Point', 'coordinates': [None, None]}"
202,SnagFilms,2008,29472731,4,['USD'],40,"{'description': 'NYC', 'address1': '665 Broadway', 'address2': 'Suite', 'zip_code': '10012', 'city': 'New York', 'state_code': 'NY', 'country_code': 'USA', 'latitude': None, 'longitude': None}",New York,"{'type': 'Point', 'coordinates': [None, None]}"
